gene,function_category
OTU_1,Acidobacteriota
OTU_10,Verrucomicrobiota
OTU_100,Actinobacteriota
OTU_1000,Proteobacteria
OTU_10003,Proteobacteria
OTU_10005,Unclassified
OTU_10012,Planctomycetota
OTU_10027,Planctomycetota
OTU_10036,Acidobacteriota
OTU_10040,Acidobacteriota
OTU_10077,Acidobacteriota
OTU_10080,Acidobacteriota
OTU_10083,Proteobacteria
OTU_10093,Bacteroidota
OTU_10096,Verrucomicrobiota
OTU_10098,Acidobacteriota
OTU_10138,RCP2-54
OTU_10152,Chloroflexi
OTU_10170,Chloroflexi
OTU_10199,Proteobacteria
OTU_102,Planctomycetota
OTU_10218,Verrucomicrobiota
OTU_10242,Proteobacteria
OTU_10273,Planctomycetota
OTU_10281,Proteobacteria
OTU_10284,Firmicutes
OTU_10285,Proteobacteria
OTU_10290,Actinobacteriota
OTU_103,Acidobacteriota
OTU_10312,Actinobacteriota
OTU_10333,Proteobacteria
OTU_1034,Planctomycetota
OTU_10388,Unclassified
OTU_1039,Firmicutes
OTU_104,Chloroflexi
OTU_10436,Proteobacteria
OTU_10470,Chloroflexi
OTU_10497,Proteobacteria
OTU_105,Planctomycetota
OTU_10507,Planctomycetota
OTU_1051,Firmicutes
OTU_10564,Planctomycetota
OTU_10590,Proteobacteria
OTU_106,Chloroflexi
OTU_10602,Proteobacteria
OTU_10604,Proteobacteria
OTU_10625,Verrucomicrobiota
OTU_1063,Proteobacteria
OTU_10639,Planctomycetota
OTU_10685,NB1-j
OTU_107,Proteobacteria
OTU_1070,Bacteroidota
OTU_10724,Proteobacteria
OTU_10726,Proteobacteria
OTU_10786,Acidobacteriota
OTU_108,Proteobacteria
OTU_10823,Unclassified
OTU_10866,Myxococcota
OTU_10867,Firmicutes
OTU_10888,Actinobacteriota
OTU_10897,Proteobacteria
OTU_109,Myxococcota
OTU_10902,Myxococcota
OTU_10906,Planctomycetota
OTU_10914,Proteobacteria
OTU_10920,Proteobacteria
OTU_10923,Actinobacteriota
OTU_10929,Firmicutes
OTU_10935,Acidobacteriota
OTU_10958,Chloroflexi
OTU_10983,Acidobacteriota
OTU_11,Proteobacteria
OTU_11003,Sumerlaeota
OTU_11011,Proteobacteria
OTU_11021,Armatimonadota
OTU_11028,Chloroflexi
OTU_11045,Chloroflexi
OTU_111,Actinobacteriota
OTU_11112,Acidobacteriota
OTU_11127,Proteobacteria
OTU_11147,Actinobacteriota
OTU_112,Planctomycetota
OTU_1120,Desulfobacterota
OTU_11201,Planctomycetota
OTU_11206,Unclassified
OTU_11209,Planctomycetota
OTU_11215,Firmicutes
OTU_1125,Proteobacteria
OTU_11308,Planctomycetota
OTU_11317,Unclassified
OTU_11322,Proteobacteria
OTU_11323,Chloroflexi
OTU_11341,Actinobacteriota
OTU_11345,Bacteroidota
OTU_11355,Actinobacteriota
OTU_1137,Proteobacteria
OTU_11381,Actinobacteriota
OTU_11382,Proteobacteria
OTU_11406,Unclassified
OTU_11419,Planctomycetota
OTU_11494,Acidobacteriota
OTU_115,Bacteroidota
OTU_11519,Actinobacteriota
OTU_11520,Planctomycetota
OTU_11525,Acidobacteriota
OTU_11528,Planctomycetota
OTU_11564,Acidobacteriota
OTU_116,Proteobacteria
OTU_11611,Planctomycetota
OTU_11632,Planctomycetota
OTU_11674,Acidobacteriota
OTU_1169,Firmicutes
OTU_11692,Actinobacteriota
OTU_117,Actinobacteriota
OTU_11714,Actinobacteriota
OTU_11760,Unclassified
OTU_11776,Actinobacteriota
OTU_11788,Actinobacteriota
OTU_11797,Firmicutes
OTU_118,Gemmatimonadota
OTU_11811,MBNT15
OTU_11839,Proteobacteria
OTU_11850,Proteobacteria
OTU_11866,Proteobacteria
OTU_11876,Firmicutes
OTU_11898,Planctomycetota
OTU_119,Actinobacteriota
OTU_11909,Acidobacteriota
OTU_11925,Unclassified
OTU_11953,Planctomycetota
OTU_11979,Planctomycetota
OTU_11986,Proteobacteria
OTU_12,Unclassified
OTU_120,Bacteroidota
OTU_12081,Planctomycetota
OTU_12086,Gemmatimonadota
OTU_121,Acidobacteriota
OTU_12105,Actinobacteriota
OTU_12118,Acidobacteriota
OTU_12130,Actinobacteriota
OTU_12139,Unclassified
OTU_12176,Acidobacteriota
OTU_12191,Planctomycetota
OTU_122,Methylomirabilota
OTU_12236,Actinobacteriota
OTU_12254,Unclassified
OTU_12284,Planctomycetota
OTU_123,Proteobacteria
OTU_12336,Actinobacteriota
OTU_12379,Firmicutes
OTU_124,Actinobacteriota
OTU_12458,Desulfobacterota
OTU_12463,Proteobacteria
OTU_12488,Actinobacteriota
OTU_125,Proteobacteria
OTU_12553,Planctomycetota
OTU_1257,Bacteroidota
OTU_12581,Verrucomicrobiota
OTU_126,Actinobacteriota
OTU_12601,Verrucomicrobiota
OTU_12609,Proteobacteria
OTU_12613,Proteobacteria
OTU_1264,Acidobacteriota
OTU_12645,Bacteroidota
OTU_1265,Planctomycetota
OTU_12670,Proteobacteria
OTU_12671,Firmicutes
OTU_12686,Proteobacteria
OTU_12693,Actinobacteriota
OTU_127,Chloroflexi
OTU_1270,Planctomycetota
OTU_12707,Firmicutes
OTU_1272,Unclassified
OTU_1274,Unclassified
OTU_12747,Acidobacteriota
OTU_12789,Unclassified
OTU_128,Planctomycetota
OTU_12805,Proteobacteria
OTU_12813,Bacteroidota
OTU_12815,Unclassified
OTU_12844,Firmicutes
OTU_1285,Planctomycetota
OTU_12853,Actinobacteriota
OTU_12866,Proteobacteria
OTU_129,Gemmatimonadota
OTU_12964,Gemmatimonadota
OTU_12979,Actinobacteriota
OTU_12988,Firmicutes
OTU_13,Planctomycetota
OTU_130,Myxococcota
OTU_13032,Planctomycetota
OTU_13069,Planctomycetota
OTU_13099,Actinobacteriota
OTU_131,Unclassified
OTU_13104,Proteobacteria
OTU_1312,Planctomycetota
OTU_13131,Dependentiae
OTU_1315,GAL15
OTU_1317,Verrucomicrobiota
OTU_13172,Planctomycetota
OTU_132,Planctomycetota
OTU_13207,Actinobacteriota
OTU_1321,Proteobacteria
OTU_13217,Chloroflexi
OTU_13283,Firmicutes
OTU_13284,Proteobacteria
OTU_13293,Planctomycetota
OTU_133,Acidobacteriota
OTU_13339,Firmicutes
OTU_13369,Unclassified
OTU_13382,Planctomycetota
OTU_134,Actinobacteriota
OTU_13406,Myxococcota
OTU_13446,Proteobacteria
OTU_13458,Gemmatimonadota
OTU_13472,Acidobacteriota
OTU_13475,Firmicutes
OTU_135,Firmicutes
OTU_1352,Planctomycetota
OTU_13540,Unclassified
OTU_13548,Firmicutes
OTU_13571,Actinobacteriota
OTU_13598,Firmicutes
OTU_136,Gemmatimonadota
OTU_13619,Myxococcota
OTU_13621,Chloroflexi
OTU_13640,Proteobacteria
OTU_137,Bacteroidota
OTU_1370,Acidobacteriota
OTU_1371,Planctomycetota
OTU_13719,Proteobacteria
OTU_13786,Actinobacteriota
OTU_138,Verrucomicrobiota
OTU_13841,Planctomycetota
OTU_13848,Bacteroidota
OTU_139,Firmicutes
OTU_1391,Planctomycetota
OTU_1392,Acidobacteriota
OTU_13989,Proteobacteria
OTU_14,Methylomirabilota
OTU_140,Acidobacteriota
OTU_14026,Chloroflexi
OTU_1403,Methylomirabilota
OTU_1409,Actinobacteriota
OTU_141,Gemmatimonadota
OTU_14113,Firmicutes
OTU_1415,Planctomycetota
OTU_1418,Myxococcota
OTU_142,Myxococcota
OTU_1427,Proteobacteria
OTU_143,Proteobacteria
OTU_1430,Myxococcota
OTU_1433,Proteobacteria
OTU_14338,Proteobacteria
OTU_1434,Chloroflexi
OTU_144,WPS-2
OTU_1441,Proteobacteria
OTU_14418,Unclassified
OTU_14420,Armatimonadota
OTU_14443,SAR324_clade(Marine_group_B)
OTU_1448,Planctomycetota
OTU_14484,Proteobacteria
OTU_145,Proteobacteria
OTU_1450,Proteobacteria
OTU_1456,Planctomycetota
OTU_146,Proteobacteria
OTU_14644,Firmicutes
OTU_1467,Bacteroidota
OTU_14681,Planctomycetota
OTU_1469,Planctomycetota
OTU_147,Planctomycetota
OTU_1471,Firmicutes
OTU_1481,Proteobacteria
OTU_1489,Proteobacteria
OTU_1490,Planctomycetota
OTU_14919,Bdellovibrionota
OTU_15,Proteobacteria
OTU_150,Acidobacteriota
OTU_15028,Acidobacteriota
OTU_15081,Proteobacteria
OTU_151,Dependentiae
OTU_15177,Firmicutes
OTU_1518,Firmicutes
OTU_152,NB1-j
OTU_1522,Actinobacteriota
OTU_1524,Methylomirabilota
OTU_15256,Acidobacteriota
OTU_1526,Proteobacteria
OTU_15287,Unclassified
OTU_15312,Planctomycetota
OTU_15329,Dependentiae
OTU_1533,Acidobacteriota
OTU_15349,Unclassified
OTU_15353,Firmicutes
OTU_154,Acidobacteriota
OTU_15428,Bacteroidota
OTU_1543,Chloroflexi
OTU_15434,Actinobacteriota
OTU_1544,RCP2-54
OTU_1545,Unclassified
OTU_15459,Proteobacteria
OTU_155,Actinobacteriota
OTU_15528,Acidobacteriota
OTU_15569,Entotheonellaeota
OTU_15581,Proteobacteria
OTU_156,Acidobacteriota
OTU_15602,Proteobacteria
OTU_15659,Cyanobacteria
OTU_1566,Proteobacteria
OTU_157,Actinobacteriota
OTU_1571,Acidobacteriota
OTU_15758,Dependentiae
OTU_1578,Acidobacteriota
OTU_1579,Proteobacteria
OTU_158,Proteobacteria
OTU_15853,Gemmatimonadota
OTU_1588,Planctomycetota
OTU_15895,Chloroflexi
OTU_159,Firmicutes
OTU_1590,Firmicutes
OTU_15905,Actinobacteriota
OTU_1592,Acidobacteriota
OTU_1593,Firmicutes
OTU_15969,Proteobacteria
OTU_15971,Proteobacteria
OTU_15973,Unclassified
OTU_16,Planctomycetota
OTU_160,Proteobacteria
OTU_1601,Planctomycetota
OTU_161,Proteobacteria
OTU_16100,Actinobacteriota
OTU_1612,Firmicutes
OTU_1615,Proteobacteria
OTU_1616,Firmicutes
OTU_1617,Proteobacteria
OTU_1618,Planctomycetota
OTU_162,Chloroflexi
OTU_1622,Proteobacteria
OTU_1627,Acidobacteriota
OTU_16287,Actinobacteriota
OTU_163,Myxococcota
OTU_164,Planctomycetota
OTU_1649,Planctomycetota
OTU_165,Proteobacteria
OTU_1652,Planctomycetota
OTU_16528,Unclassified
OTU_1655,Unclassified
OTU_16554,Unclassified
OTU_1659,Unclassified
OTU_166,Planctomycetota
OTU_1668,Unclassified
OTU_1669,Acidobacteriota
OTU_167,Acidobacteriota
OTU_1670,Proteobacteria
OTU_1673,Planctomycetota
OTU_16756,Firmicutes
OTU_1676,Planctomycetota
OTU_1677,Verrucomicrobiota
OTU_16781,Firmicutes
OTU_168,Entotheonellaeota
OTU_1680,Planctomycetota
OTU_1686,Actinobacteriota
OTU_1688,Myxococcota
OTU_169,Acidobacteriota
OTU_1694,Chloroflexi
OTU_1698,Actinobacteriota
OTU_16993,Actinobacteriota
OTU_17,Proteobacteria
OTU_170,Planctomycetota
OTU_17014,Proteobacteria
OTU_17034,Bacteroidota
OTU_1704,Acidobacteriota
OTU_1707,Acidobacteriota
OTU_171,Planctomycetota
OTU_1710,Actinobacteriota
OTU_1713,Actinobacteriota
OTU_17167,Bacteroidota
OTU_1721,Firmicutes
OTU_1729,Proteobacteria
OTU_17299,Unclassified
OTU_173,Methylomirabilota
OTU_1738,Chloroflexi
OTU_174,Unclassified
OTU_17429,Unclassified
OTU_1745,Acidobacteriota
OTU_17496,Planctomycetota
OTU_175,NB1-j
OTU_1752,Acidobacteriota
OTU_1758,RCP2-54
OTU_177,Bdellovibrionota
OTU_1771,Planctomycetota
OTU_1775,Acidobacteriota
OTU_178,Acidobacteriota
OTU_17826,Bacteroidota
OTU_179,Actinobacteriota
OTU_17927,Firmicutes
OTU_1796,Acidobacteriota
OTU_1798,Unclassified
OTU_18,Actinobacteriota
OTU_180,Cyanobacteria
OTU_181,Acidobacteriota
OTU_1811,Planctomycetota
OTU_182,Acidobacteriota
OTU_18302,Acidobacteriota
OTU_1833,Planctomycetota
OTU_184,Myxococcota
OTU_1849,Acidobacteriota
OTU_185,Myxococcota
OTU_1855,Planctomycetota
OTU_186,Planctomycetota
OTU_1860,Firmicutes
OTU_18610,Unclassified
OTU_1864,Planctomycetota
OTU_1865,Bacteroidota
OTU_1866,Acidobacteriota
OTU_1869,Chloroflexi
OTU_187,Firmicutes
OTU_1871,Unclassified
OTU_1872,Firmicutes
OTU_188,Firmicutes
OTU_1880,Acidobacteriota
OTU_1881,Unclassified
OTU_189,Actinobacteriota
OTU_1890,Planctomycetota
OTU_19,Planctomycetota
OTU_190,Bacteroidota
OTU_1900,Verrucomicrobiota
OTU_19058,Acidobacteriota
OTU_1907,Acidobacteriota
OTU_1909,Actinobacteriota
OTU_191,Gemmatimonadota
OTU_1914,Desulfobacterota
OTU_1919,Verrucomicrobiota
OTU_1925,Latescibacterota
OTU_1928,Planctomycetota
OTU_193,Myxococcota
OTU_1930,Chloroflexi
OTU_1931,Proteobacteria
OTU_19380,Firmicutes
OTU_1939,Unclassified
OTU_194,Planctomycetota
OTU_195,Proteobacteria
OTU_1950,Acidobacteriota
OTU_1954,Acidobacteriota
OTU_19557,MBNT15
OTU_1959,Planctomycetota
OTU_1960,Planctomycetota
OTU_1965,Verrucomicrobiota
OTU_1968,Planctomycetota
OTU_1969,Planctomycetota
OTU_197,Planctomycetota
OTU_19759,Acidobacteriota
OTU_198,Acidobacteriota
OTU_1987,Planctomycetota
OTU_19878,Unclassified
OTU_19889,Unclassified
OTU_199,Acidobacteriota
OTU_1992,Planctomycetota
OTU_1994,Unclassified
OTU_1996,Proteobacteria
OTU_19988,Verrucomicrobiota
OTU_2,Proteobacteria
OTU_20,Proteobacteria
OTU_200,Bacteroidota
OTU_20021,Dependentiae
OTU_2004,Planctomycetota
OTU_201,Nitrospirota
OTU_2013,Planctomycetota
OTU_2015,Actinobacteriota
OTU_2016,Unclassified
OTU_2017,Unclassified
OTU_20183,Firmicutes
OTU_20205,SAR324_clade(Marine_group_B)
OTU_2024,Proteobacteria
OTU_203,Planctomycetota
OTU_2031,Planctomycetota
OTU_2032,Acidobacteriota
OTU_2033,Planctomycetota
OTU_2037,Proteobacteria
OTU_2043,Acidobacteriota
OTU_205,Gemmatimonadota
OTU_2050,Acidobacteriota
OTU_20584,Myxococcota
OTU_206,Firmicutes
OTU_2060,Acidobacteriota
OTU_2065,Proteobacteria
OTU_2067,Proteobacteria
OTU_2068,Actinobacteriota
OTU_2069,Actinobacteriota
OTU_207,Armatimonadota
OTU_2072,Actinobacteriota
OTU_2073,Unclassified
OTU_2075,Planctomycetota
OTU_2076,Proteobacteria
OTU_2078,Acidobacteriota
OTU_2079,Acidobacteriota
OTU_208,Myxococcota
OTU_2080,Unclassified
OTU_2082,Firmicutes
OTU_2085,Planctomycetota
OTU_209,Latescibacterota
OTU_2090,Planctomycetota
OTU_2099,Planctomycetota
OTU_21,Firmicutes
OTU_210,Actinobacteriota
OTU_2101,Acidobacteriota
OTU_2105,Acidobacteriota
OTU_2106,Firmicutes
OTU_211,Proteobacteria
OTU_2114,Proteobacteria
OTU_21144,Proteobacteria
OTU_2118,Unclassified
OTU_212,Firmicutes
OTU_2127,Proteobacteria
OTU_2131,Proteobacteria
OTU_2132,Actinobacteriota
OTU_2134,Firmicutes
OTU_2139,Acidobacteriota
OTU_214,Planctomycetota
OTU_2145,Planctomycetota
OTU_215,Verrucomicrobiota
OTU_2152,Proteobacteria
OTU_2153,Acidobacteriota
OTU_2155,Acidobacteriota
OTU_216,Verrucomicrobiota
OTU_2163,Acidobacteriota
OTU_2168,Chloroflexi
OTU_2169,Proteobacteria
OTU_2172,Verrucomicrobiota
OTU_21732,Planctomycetota
OTU_2176,Proteobacteria
OTU_218,Proteobacteria
OTU_2181,Gemmatimonadota
OTU_219,Actinobacteriota
OTU_22,Firmicutes
OTU_220,Proteobacteria
OTU_2201,Proteobacteria
OTU_2207,Planctomycetota
OTU_2208,Planctomycetota
OTU_221,Planctomycetota
OTU_2211,Actinobacteriota
OTU_2218,Unclassified
OTU_222,Firmicutes
OTU_2220,Proteobacteria
OTU_2221,Methylomirabilota
OTU_2225,Proteobacteria
OTU_2226,Verrucomicrobiota
OTU_2227,Verrucomicrobiota
OTU_223,Verrucomicrobiota
OTU_2235,Proteobacteria
OTU_224,Unclassified
OTU_2245,Proteobacteria
OTU_2246,Planctomycetota
OTU_2247,Proteobacteria
OTU_2249,Acidobacteriota
OTU_225,Proteobacteria
OTU_2250,Acidobacteriota
OTU_2255,Actinobacteriota
OTU_2257,Planctomycetota
OTU_226,Proteobacteria
OTU_227,Firmicutes
OTU_2271,Acidobacteriota
OTU_2273,Myxococcota
OTU_2274,Planctomycetota
OTU_2279,RCP2-54
OTU_228,Chloroflexi
OTU_2283,Planctomycetota
OTU_2289,Planctomycetota
OTU_229,Proteobacteria
OTU_2298,Planctomycetota
OTU_23,Acidobacteriota
OTU_2301,Proteobacteria
OTU_231,Planctomycetota
OTU_2310,Firmicutes
OTU_2312,Unclassified
OTU_2313,Bacteroidota
OTU_23132,Unclassified
OTU_2316,Myxococcota
OTU_232,Verrucomicrobiota
OTU_2329,Planctomycetota
OTU_233,Acidobacteriota
OTU_234,Bdellovibrionota
OTU_2340,Actinobacteriota
OTU_2345,Unclassified
OTU_2347,Proteobacteria
OTU_2348,Gemmatimonadota
OTU_2355,Bacteroidota
OTU_236,Proteobacteria
OTU_2362,Acidobacteriota
OTU_2364,Proteobacteria
OTU_2366,Verrucomicrobiota
OTU_2368,Proteobacteria
OTU_237,Proteobacteria
OTU_2371,Planctomycetota
OTU_2374,Firmicutes
OTU_238,Proteobacteria
OTU_2380,Proteobacteria
OTU_2381,Acidobacteriota
OTU_2388,Firmicutes
OTU_239,Firmicutes
OTU_2391,Acidobacteriota
OTU_2395,Proteobacteria
OTU_24,Verrucomicrobiota
OTU_2400,Planctomycetota
OTU_2402,Planctomycetota
OTU_2403,Proteobacteria
OTU_2405,Planctomycetota
OTU_2406,Chloroflexi
OTU_2407,Planctomycetota
OTU_241,Desulfobacterota
OTU_2410,Myxococcota
OTU_2411,Actinobacteriota
OTU_2417,Unclassified
OTU_242,Acidobacteriota
OTU_2420,Actinobacteriota
OTU_2423,Planctomycetota
OTU_2424,Planctomycetota
OTU_24249,Unclassified
OTU_243,Elusimicrobiota
OTU_2433,Planctomycetota
OTU_2434,Planctomycetota
OTU_244,Verrucomicrobiota
OTU_2442,Planctomycetota
OTU_24443,Bacteroidota
OTU_2447,Proteobacteria
OTU_245,Proteobacteria
OTU_2455,Proteobacteria
OTU_2458,Bdellovibrionota
OTU_246,Unclassified
OTU_24610,Actinobacteriota
OTU_2462,Unclassified
OTU_2463,Planctomycetota
OTU_2465,Planctomycetota
OTU_2466,Chloroflexi
OTU_247,Proteobacteria
OTU_2471,Unclassified
OTU_2479,Proteobacteria
OTU_2487,Unclassified
OTU_249,Proteobacteria
OTU_2494,Actinobacteriota
OTU_25,Acidobacteriota
OTU_250,Actinobacteriota
OTU_2503,Planctomycetota
OTU_2506,Proteobacteria
OTU_2511,Proteobacteria
OTU_2513,Actinobacteriota
OTU_25187,Firmicutes
OTU_252,Bacteroidota
OTU_2527,Proteobacteria
OTU_253,Chloroflexi
OTU_2531,Unclassified
OTU_2534,Proteobacteria
OTU_2538,Planctomycetota
OTU_254,Planctomycetota
OTU_2540,Myxococcota
OTU_2541,Planctomycetota
OTU_255,Chloroflexi
OTU_2559,Verrucomicrobiota
OTU_256,Proteobacteria
OTU_2560,Proteobacteria
OTU_2562,Proteobacteria
OTU_2563,Planctomycetota
OTU_2568,Unclassified
OTU_257,Proteobacteria
OTU_2570,Sumerlaeota
OTU_2574,Firmicutes
OTU_2576,Unclassified
OTU_258,Armatimonadota
OTU_2581,Proteobacteria
OTU_2583,Planctomycetota
OTU_2589,Unclassified
OTU_259,Firmicutes
OTU_2596,Acidobacteriota
OTU_26,Proteobacteria
OTU_2603,SAR324_clade(Marine_group_B)
OTU_2604,Verrucomicrobiota
OTU_2607,Acidobacteriota
OTU_261,Verrucomicrobiota
OTU_2612,Gemmatimonadota
OTU_2613,Firmicutes
OTU_2619,Actinobacteriota
OTU_262,Elusimicrobiota
OTU_2623,Proteobacteria
OTU_2627,Planctomycetota
OTU_2628,Chloroflexi
OTU_263,Planctomycetota
OTU_2630,Planctomycetota
OTU_2636,Proteobacteria
OTU_264,Firmicutes
OTU_265,Proteobacteria
OTU_2653,Dependentiae
OTU_2656,Firmicutes
OTU_266,Proteobacteria
OTU_2663,Planctomycetota
OTU_267,Proteobacteria
OTU_2672,Acidobacteriota
OTU_268,Proteobacteria
OTU_2681,Unclassified
OTU_2687,Proteobacteria
OTU_2688,Proteobacteria
OTU_269,Acidobacteriota
OTU_2696,Acidobacteriota
OTU_27,Proteobacteria
OTU_270,Actinobacteriota
OTU_2704,Bdellovibrionota
OTU_2705,Proteobacteria
OTU_271,Armatimonadota
OTU_2718,Planctomycetota
OTU_2719,Proteobacteria
OTU_2720,Planctomycetota
OTU_2722,Acidobacteriota
OTU_2726,Gemmatimonadota
OTU_273,Actinobacteriota
OTU_274,Proteobacteria
OTU_2740,Planctomycetota
OTU_2741,Proteobacteria
OTU_2742,Proteobacteria
OTU_2745,Planctomycetota
OTU_2746,Chloroflexi
OTU_2748,Myxococcota
OTU_275,Proteobacteria
OTU_2757,Planctomycetota
OTU_2758,Acidobacteriota
OTU_276,Proteobacteria
OTU_2762,Acidobacteriota
OTU_2764,Acidobacteriota
OTU_2769,Firmicutes
OTU_277,Acidobacteriota
OTU_2770,Planctomycetota
OTU_2779,Unclassified
OTU_278,Proteobacteria
OTU_2786,Verrucomicrobiota
OTU_279,Verrucomicrobiota
OTU_2793,Actinobacteriota
OTU_2794,Planctomycetota
OTU_2799,Acidobacteriota
OTU_28,Proteobacteria
OTU_280,Gemmatimonadota
OTU_2800,Planctomycetota
OTU_2805,Proteobacteria
OTU_2807,Planctomycetota
OTU_281,Proteobacteria
OTU_2816,Acidobacteriota
OTU_2817,Planctomycetota
OTU_282,Proteobacteria
OTU_2823,Acidobacteriota
OTU_2825,Acidobacteriota
OTU_283,Chloroflexi
OTU_2834,Proteobacteria
OTU_284,Firmicutes
OTU_2841,SAR324_clade(Marine_group_B)
OTU_2843,Myxococcota
OTU_2846,Unclassified
OTU_2847,Acidobacteriota
OTU_2848,Proteobacteria
OTU_285,Firmicutes
OTU_2852,Planctomycetota
OTU_2854,Planctomycetota
OTU_2859,Firmicutes
OTU_286,Firmicutes
OTU_2863,Proteobacteria
OTU_2865,Planctomycetota
OTU_2866,Planctomycetota
OTU_2868,Acidobacteriota
OTU_287,Proteobacteria
OTU_2870,Bacteroidota
OTU_2875,Chloroflexi
OTU_2876,Actinobacteriota
OTU_2879,Actinobacteriota
OTU_288,Firmicutes
OTU_2881,Planctomycetota
OTU_2882,Planctomycetota
OTU_2889,Unclassified
OTU_289,Proteobacteria
OTU_2894,Chloroflexi
OTU_29,Verrucomicrobiota
OTU_290,Proteobacteria
OTU_2902,Acidobacteriota
OTU_2904,Firmicutes
OTU_2908,Proteobacteria
OTU_291,Nitrospirota
OTU_2912,Proteobacteria
OTU_2913,Firmicutes
OTU_2916,Proteobacteria
OTU_292,Proteobacteria
OTU_2921,Myxococcota
OTU_2926,Acidobacteriota
OTU_2928,Acidobacteriota
OTU_293,Dependentiae
OTU_2934,Acidobacteriota
OTU_2935,Unclassified
OTU_2939,Actinobacteriota
OTU_294,Acidobacteriota
OTU_2940,Proteobacteria
OTU_2946,Proteobacteria
OTU_2949,Dependentiae
OTU_295,Sumerlaeota
OTU_2955,Proteobacteria
OTU_296,Chloroflexi
OTU_2963,Dependentiae
OTU_2964,Unclassified
OTU_2965,Unclassified
OTU_297,Proteobacteria
OTU_2978,Planctomycetota
OTU_298,Planctomycetota
OTU_2982,Proteobacteria
OTU_2988,Verrucomicrobiota
OTU_299,Firmicutes
OTU_2992,Myxococcota
OTU_2997,Acidobacteriota
OTU_3,Proteobacteria
OTU_30,Planctomycetota
OTU_300,Proteobacteria
OTU_3001,Planctomycetota
OTU_3005,Planctomycetota
OTU_3008,Proteobacteria
OTU_301,Firmicutes
OTU_3021,Unclassified
OTU_3025,Planctomycetota
OTU_3028,Planctomycetota
OTU_3036,Planctomycetota
OTU_3037,Verrucomicrobiota
OTU_304,Actinobacteriota
OTU_3043,Planctomycetota
OTU_3054,Chloroflexi
OTU_3059,Planctomycetota
OTU_306,Proteobacteria
OTU_3068,Acidobacteriota
OTU_307,Proteobacteria
OTU_3070,Acidobacteriota
OTU_3071,Unclassified
OTU_308,Acidobacteriota
OTU_3081,Planctomycetota
OTU_3087,Planctomycetota
OTU_309,Proteobacteria
OTU_3096,Proteobacteria
OTU_31,Proteobacteria
OTU_310,Proteobacteria
OTU_3100,Acidobacteriota
OTU_3101,Planctomycetota
OTU_3103,Proteobacteria
OTU_3106,Actinobacteriota
OTU_311,Bacteroidota
OTU_3116,Acidobacteriota
OTU_3124,Verrucomicrobiota
OTU_3128,Planctomycetota
OTU_3130,Proteobacteria
OTU_3135,Unclassified
OTU_3136,Planctomycetota
OTU_3139,Proteobacteria
OTU_314,Myxococcota
OTU_3143,Planctomycetota
OTU_3145,Unclassified
OTU_315,Acidobacteriota
OTU_3151,Planctomycetota
OTU_3154,Dependentiae
OTU_3155,Planctomycetota
OTU_3156,Proteobacteria
OTU_316,Myxococcota
OTU_3162,Proteobacteria
OTU_3163,Unclassified
OTU_3164,Planctomycetota
OTU_3165,Acidobacteriota
OTU_3166,Bdellovibrionota
OTU_3167,Acidobacteriota
OTU_317,Proteobacteria
OTU_3171,Bacteroidota
OTU_3178,Proteobacteria
OTU_3181,Proteobacteria
OTU_3182,Proteobacteria
OTU_319,Elusimicrobiota
OTU_3192,Proteobacteria
OTU_32,Nitrospirota
OTU_3202,Proteobacteria
OTU_3204,Proteobacteria
OTU_321,Actinobacteriota
OTU_3217,Proteobacteria
OTU_3219,Planctomycetota
OTU_3222,Planctomycetota
OTU_3225,Verrucomicrobiota
OTU_323,Nitrospirota
OTU_3230,Unclassified
OTU_3238,Acidobacteriota
OTU_324,Planctomycetota
OTU_3240,Proteobacteria
OTU_3242,Proteobacteria
OTU_325,Proteobacteria
OTU_3254,Planctomycetota
OTU_326,SAR324_clade(Marine_group_B)
OTU_3266,Proteobacteria
OTU_327,Proteobacteria
OTU_3271,Planctomycetota
OTU_3272,Unclassified
OTU_3273,Proteobacteria
OTU_3278,Firmicutes
OTU_3282,Acidobacteriota
OTU_3286,Planctomycetota
OTU_3288,Unclassified
OTU_329,Bdellovibrionota
OTU_3295,Verrucomicrobiota
OTU_3300,Proteobacteria
OTU_3302,Acidobacteriota
OTU_3304,Gemmatimonadota
OTU_3305,Firmicutes
OTU_3307,Acidobacteriota
OTU_331,Actinobacteriota
OTU_3311,Planctomycetota
OTU_3316,Planctomycetota
OTU_3318,Planctomycetota
OTU_332,Proteobacteria
OTU_3320,Planctomycetota
OTU_333,Proteobacteria
OTU_3330,Chloroflexi
OTU_3340,Proteobacteria
OTU_3343,Planctomycetota
OTU_3344,Planctomycetota
OTU_3354,Chloroflexi
OTU_3357,Proteobacteria
OTU_3358,Myxococcota
OTU_336,Firmicutes
OTU_3360,Acidobacteriota
OTU_3365,Acidobacteriota
OTU_3368,Unclassified
OTU_337,Verrucomicrobiota
OTU_3370,Proteobacteria
OTU_338,Planctomycetota
OTU_3385,Acidobacteriota
OTU_3387,Verrucomicrobiota
OTU_339,Planctomycetota
OTU_3390,Bacteroidota
OTU_3394,Firmicutes
OTU_3396,Firmicutes
OTU_3397,Proteobacteria
OTU_34,Bacteroidota
OTU_340,Proteobacteria
OTU_3402,Acidobacteriota
OTU_341,Unclassified
OTU_3415,Actinobacteriota
OTU_3416,Proteobacteria
OTU_3419,Acidobacteriota
OTU_342,Myxococcota
OTU_3425,Planctomycetota
OTU_3426,Methylomirabilota
OTU_3434,Acidobacteriota
OTU_344,Proteobacteria
OTU_3442,Planctomycetota
OTU_345,Bdellovibrionota
OTU_3454,Acidobacteriota
OTU_346,Unclassified
OTU_3463,Proteobacteria
OTU_3466,Firmicutes
OTU_3468,Proteobacteria
OTU_347,Proteobacteria
OTU_3472,Proteobacteria
OTU_3476,Myxococcota
OTU_348,Bacteroidota
OTU_349,Proteobacteria
OTU_3490,Proteobacteria
OTU_3492,Planctomycetota
OTU_3498,Actinobacteriota
OTU_35,Bacteroidota
OTU_350,Acidobacteriota
OTU_3500,Proteobacteria
OTU_3501,Unclassified
OTU_351,Actinobacteriota
OTU_352,Proteobacteria
OTU_353,Proteobacteria
OTU_3533,Bacteroidota
OTU_3534,Bacteroidota
OTU_3535,Proteobacteria
OTU_3536,Proteobacteria
OTU_3540,Unclassified
OTU_3541,Proteobacteria
OTU_3547,Acidobacteriota
OTU_355,Armatimonadota
OTU_3552,Unclassified
OTU_3554,Acidobacteriota
OTU_356,Bacteroidota
OTU_3563,Planctomycetota
OTU_357,Acidobacteriota
OTU_3571,Unclassified
OTU_3574,Proteobacteria
OTU_3577,Proteobacteria
OTU_3578,Unclassified
OTU_358,Firmicutes
OTU_3583,Chloroflexi
OTU_359,Acidobacteriota
OTU_3593,Acidobacteriota
OTU_3595,Planctomycetota
OTU_36,Actinobacteriota
OTU_360,Actinobacteriota
OTU_3601,Acidobacteriota
OTU_361,Proteobacteria
OTU_3615,Myxococcota
OTU_362,Proteobacteria
OTU_3622,Acidobacteriota
OTU_3629,Firmicutes
OTU_363,Verrucomicrobiota
OTU_3630,Planctomycetota
OTU_3635,Proteobacteria
OTU_3639,Myxococcota
OTU_364,Firmicutes
OTU_3644,Actinobacteriota
OTU_3645,Nitrospirota
OTU_3646,Planctomycetota
OTU_3649,Actinobacteriota
OTU_365,Bdellovibrionota
OTU_3650,Proteobacteria
OTU_3651,Actinobacteriota
OTU_3652,Bacteroidota
OTU_3657,Proteobacteria
OTU_3658,Acidobacteriota
OTU_3665,Firmicutes
OTU_367,Bdellovibrionota
OTU_3678,Actinobacteriota
OTU_368,Bdellovibrionota
OTU_3684,Unclassified
OTU_3687,Acidobacteriota
OTU_369,Myxococcota
OTU_3695,Proteobacteria
OTU_3696,Verrucomicrobiota
OTU_3697,SAR324_clade(Marine_group_B)
OTU_3699,Planctomycetota
OTU_37,Proteobacteria
OTU_370,Chloroflexi
OTU_3705,Myxococcota
OTU_371,Proteobacteria
OTU_3712,Acidobacteriota
OTU_3713,Chloroflexi
OTU_3714,Planctomycetota
OTU_3715,Unclassified
OTU_3723,Proteobacteria
OTU_3724,Bacteroidota
OTU_3728,Acidobacteriota
OTU_3729,Planctomycetota
OTU_373,Actinobacteriota
OTU_3730,Firmicutes
OTU_3733,Proteobacteria
OTU_3737,Acidobacteriota
OTU_3738,Planctomycetota
OTU_374,Armatimonadota
OTU_3748,Proteobacteria
OTU_375,Patescibacteria
OTU_376,Chloroflexi
OTU_3760,Proteobacteria
OTU_3761,Planctomycetota
OTU_3763,Unclassified
OTU_3766,Firmicutes
OTU_377,Chloroflexi
OTU_3772,Acidobacteriota
OTU_3774,Proteobacteria
OTU_3777,Verrucomicrobiota
OTU_3782,Planctomycetota
OTU_379,Firmicutes
OTU_3790,Proteobacteria
OTU_3791,Chloroflexi
OTU_3792,Firmicutes
OTU_3796,Acidobacteriota
OTU_38,Proteobacteria
OTU_380,Actinobacteriota
OTU_3800,Verrucomicrobiota
OTU_3801,Planctomycetota
OTU_3803,Dependentiae
OTU_3808,Acidobacteriota
OTU_381,Verrucomicrobiota
OTU_3815,Actinobacteriota
OTU_382,Bacteroidota
OTU_3820,Bacteroidota
OTU_3824,Proteobacteria
OTU_383,Actinobacteriota
OTU_3830,Proteobacteria
OTU_3838,Firmicutes
OTU_3839,Acidobacteriota
OTU_384,Myxococcota
OTU_3840,Planctomycetota
OTU_3847,Actinobacteriota
OTU_385,Proteobacteria
OTU_3850,Planctomycetota
OTU_3851,Planctomycetota
OTU_3855,Planctomycetota
OTU_386,Myxococcota
OTU_3862,Acidobacteriota
OTU_3869,Acidobacteriota
OTU_387,Proteobacteria
OTU_3870,Proteobacteria
OTU_3878,Methylomirabilota
OTU_388,Actinobacteriota
OTU_3892,Planctomycetota
OTU_3895,Proteobacteria
OTU_3896,Actinobacteriota
OTU_3899,Proteobacteria
OTU_39,Planctomycetota
OTU_390,Bdellovibrionota
OTU_3911,Planctomycetota
OTU_3916,Myxococcota
OTU_3917,Unclassified
OTU_392,Planctomycetota
OTU_3920,Gemmatimonadota
OTU_3922,Verrucomicrobiota
OTU_3925,Proteobacteria
OTU_3926,Planctomycetota
OTU_393,Bdellovibrionota
OTU_3930,Bacteroidota
OTU_3932,Planctomycetota
OTU_3934,Unclassified
OTU_3938,Proteobacteria
OTU_394,Proteobacteria
OTU_3943,Proteobacteria
OTU_3944,Acidobacteriota
OTU_395,Bdellovibrionota
OTU_3953,Proteobacteria
OTU_3956,Planctomycetota
OTU_3957,Acidobacteriota
OTU_3959,Planctomycetota
OTU_3961,Methylomirabilota
OTU_3966,Planctomycetota
OTU_3969,Myxococcota
OTU_3973,Planctomycetota
OTU_3975,Proteobacteria
OTU_3979,Firmicutes
OTU_3985,Acidobacteriota
OTU_3988,Firmicutes
OTU_399,Proteobacteria
OTU_3998,Proteobacteria
OTU_4,Verrucomicrobiota
OTU_40,Proteobacteria
OTU_400,Actinobacteriota
OTU_4001,Actinobacteriota
OTU_4003,Proteobacteria
OTU_4009,Verrucomicrobiota
OTU_401,Proteobacteria
OTU_4012,Chloroflexi
OTU_4013,Myxococcota
OTU_402,Proteobacteria
OTU_4022,Proteobacteria
OTU_4024,Firmicutes
OTU_403,Planctomycetota
OTU_4032,Bacteroidota
OTU_4036,Proteobacteria
OTU_404,Acidobacteriota
OTU_4040,Planctomycetota
OTU_4041,Proteobacteria
OTU_4049,Proteobacteria
OTU_405,WPS-2
OTU_4053,Proteobacteria
OTU_4054,Firmicutes
OTU_406,Firmicutes
OTU_4067,Planctomycetota
OTU_407,Chloroflexi
OTU_4070,Acidobacteriota
OTU_408,Actinobacteriota
OTU_4082,Proteobacteria
OTU_4085,Planctomycetota
OTU_409,Bdellovibrionota
OTU_4091,Proteobacteria
OTU_4094,Actinobacteriota
OTU_4095,Unclassified
OTU_41,Proteobacteria
OTU_410,Firmicutes
OTU_4107,Unclassified
OTU_4108,Planctomycetota
OTU_411,Dependentiae
OTU_4116,Acidobacteriota
OTU_412,Planctomycetota
OTU_4122,Proteobacteria
OTU_413,Chloroflexi
OTU_414,Chloroflexi
OTU_4141,Desulfobacterota
OTU_4144,Actinobacteriota
OTU_4145,Proteobacteria
OTU_4147,Actinobacteriota
OTU_415,Myxococcota
OTU_4155,Acidobacteriota
OTU_4158,Planctomycetota
OTU_416,Firmicutes
OTU_4160,Planctomycetota
OTU_4169,Proteobacteria
OTU_417,Chloroflexi
OTU_4170,Unclassified
OTU_4174,Planctomycetota
OTU_4175,Acidobacteriota
OTU_418,Proteobacteria
OTU_4183,Acidobacteriota
OTU_4188,Unclassified
OTU_419,Firmicutes
OTU_4192,Planctomycetota
OTU_42,Proteobacteria
OTU_4202,Proteobacteria
OTU_4205,Planctomycetota
OTU_4208,Planctomycetota
OTU_4209,Acidobacteriota
OTU_421,Firmicutes
OTU_4214,Chloroflexi
OTU_4216,Proteobacteria
OTU_4218,Planctomycetota
OTU_4219,Proteobacteria
OTU_422,Firmicutes
OTU_4220,Methylomirabilota
OTU_4225,Proteobacteria
OTU_4226,Firmicutes
OTU_4228,Unclassified
OTU_4229,Proteobacteria
OTU_424,Proteobacteria
OTU_4241,Gemmatimonadota
OTU_4245,Actinobacteriota
OTU_4252,Acidobacteriota
OTU_426,Firmicutes
OTU_4260,Unclassified
OTU_4261,Proteobacteria
OTU_4265,Firmicutes
OTU_4266,Gemmatimonadota
OTU_4269,Proteobacteria
OTU_427,Actinobacteriota
OTU_4272,Proteobacteria
OTU_4273,Proteobacteria
OTU_4276,Gemmatimonadota
OTU_4278,Actinobacteriota
OTU_4279,Planctomycetota
OTU_428,Planctomycetota
OTU_4283,Proteobacteria
OTU_429,Proteobacteria
OTU_4293,Proteobacteria
OTU_43,Actinobacteriota
OTU_4300,Proteobacteria
OTU_4303,Actinobacteriota
OTU_4304,Actinobacteriota
OTU_4307,Actinobacteriota
OTU_431,Firmicutes
OTU_4317,Planctomycetota
OTU_432,Firmicutes
OTU_4321,Proteobacteria
OTU_4325,Actinobacteriota
OTU_4329,Bacteroidota
OTU_433,Planctomycetota
OTU_4330,Planctomycetota
OTU_4333,Actinobacteriota
OTU_4339,Acidobacteriota
OTU_434,Planctomycetota
OTU_4341,Proteobacteria
OTU_4348,Unclassified
OTU_435,Proteobacteria
OTU_4350,Planctomycetota
OTU_4351,Proteobacteria
OTU_4359,Entotheonellaeota
OTU_436,Chloroflexi
OTU_4371,Proteobacteria
OTU_4372,Proteobacteria
OTU_4374,Proteobacteria
OTU_4376,Dependentiae
OTU_438,Proteobacteria
OTU_4387,Bacteroidota
OTU_439,Chloroflexi
OTU_4391,Acidobacteriota
OTU_4398,Planctomycetota
OTU_4399,Myxococcota
OTU_44,Acidobacteriota
OTU_440,Firmicutes
OTU_4405,Unclassified
OTU_4406,Planctomycetota
OTU_441,Proteobacteria
OTU_4410,Firmicutes
OTU_4415,Unclassified
OTU_4418,Unclassified
OTU_442,Entotheonellaeota
OTU_4423,Firmicutes
OTU_443,Firmicutes
OTU_4437,Planctomycetota
OTU_444,Chloroflexi
OTU_4440,Proteobacteria
OTU_4443,Unclassified
OTU_4444,Planctomycetota
OTU_4445,Planctomycetota
OTU_4447,Acidobacteriota
OTU_445,Actinobacteriota
OTU_446,Myxococcota
OTU_4461,Unclassified
OTU_4463,Planctomycetota
OTU_447,Proteobacteria
OTU_4474,Planctomycetota
OTU_4475,Unclassified
OTU_4478,Unclassified
OTU_448,Proteobacteria
OTU_4480,Verrucomicrobiota
OTU_4482,Acidobacteriota
OTU_4487,Firmicutes
OTU_449,Proteobacteria
OTU_45,Proteobacteria
OTU_450,Proteobacteria
OTU_4501,Acidobacteriota
OTU_4505,Chloroflexi
OTU_4512,Bacteroidota
OTU_452,Proteobacteria
OTU_4520,Actinobacteriota
OTU_4524,Planctomycetota
OTU_4528,WPS-2
OTU_453,Armatimonadota
OTU_4531,Acidobacteriota
OTU_4535,Proteobacteria
OTU_4536,Planctomycetota
OTU_4537,Bacteroidota
OTU_4544,Actinobacteriota
OTU_4547,Planctomycetota
OTU_4549,Planctomycetota
OTU_455,Firmicutes
OTU_4550,Actinobacteriota
OTU_4556,Planctomycetota
OTU_4557,Unclassified
OTU_456,Chloroflexi
OTU_4569,Planctomycetota
OTU_457,Proteobacteria
OTU_4570,Planctomycetota
OTU_4571,Proteobacteria
OTU_4573,Proteobacteria
OTU_4576,Acidobacteriota
OTU_4577,Planctomycetota
OTU_4578,Acidobacteriota
OTU_4579,Acidobacteriota
OTU_4595,Firmicutes
OTU_46,Proteobacteria
OTU_460,Chloroflexi
OTU_4601,Bacteroidota
OTU_4603,Proteobacteria
OTU_4609,Firmicutes
OTU_4611,Acidobacteriota
OTU_4613,Planctomycetota
OTU_4615,Verrucomicrobiota
OTU_4616,Proteobacteria
OTU_4623,Chloroflexi
OTU_463,Proteobacteria
OTU_4631,Actinobacteriota
OTU_4637,Planctomycetota
OTU_464,Proteobacteria
OTU_4649,Firmicutes
OTU_465,Bdellovibrionota
OTU_4650,Unclassified
OTU_4653,Desulfobacterota
OTU_4656,Planctomycetota
OTU_466,Proteobacteria
OTU_4660,Proteobacteria
OTU_4661,Proteobacteria
OTU_4663,Planctomycetota
OTU_4666,Planctomycetota
OTU_4667,Proteobacteria
OTU_467,Chloroflexi
OTU_4673,Bdellovibrionota
OTU_4678,Verrucomicrobiota
OTU_468,Proteobacteria
OTU_4689,Proteobacteria
OTU_47,Myxococcota
OTU_470,Firmicutes
OTU_4705,Planctomycetota
OTU_471,Planctomycetota
OTU_4710,Firmicutes
OTU_4714,Verrucomicrobiota
OTU_4723,Proteobacteria
OTU_4724,Unclassified
OTU_4727,Planctomycetota
OTU_4728,Planctomycetota
OTU_4729,Unclassified
OTU_473,Firmicutes
OTU_4732,Firmicutes
OTU_4734,Proteobacteria
OTU_4739,Actinobacteriota
OTU_4740,Unclassified
OTU_4743,Planctomycetota
OTU_4745,Firmicutes
OTU_4746,Unclassified
OTU_475,Firmicutes
OTU_4758,Proteobacteria
OTU_476,Myxococcota
OTU_4769,Proteobacteria
OTU_4771,Bdellovibrionota
OTU_4772,Proteobacteria
OTU_4779,Acidobacteriota
OTU_478,Gemmatimonadota
OTU_4785,Planctomycetota
OTU_479,Actinobacteriota
OTU_4790,Unclassified
OTU_4791,Actinobacteriota
OTU_4795,Proteobacteria
OTU_4796,Planctomycetota
OTU_4799,Proteobacteria
OTU_48,Verrucomicrobiota
OTU_480,Chloroflexi
OTU_4800,Unclassified
OTU_4803,Actinobacteriota
OTU_4804,Proteobacteria
OTU_4807,Planctomycetota
OTU_4809,Planctomycetota
OTU_4810,Acidobacteriota
OTU_4811,Acidobacteriota
OTU_482,Firmicutes
OTU_4820,Myxococcota
OTU_4822,Planctomycetota
OTU_484,Chloroflexi
OTU_4841,Firmicutes
OTU_4849,Actinobacteriota
OTU_485,Firmicutes
OTU_486,Planctomycetota
OTU_4860,Proteobacteria
OTU_4867,Firmicutes
OTU_4869,Actinobacteriota
OTU_4874,Unclassified
OTU_4877,Unclassified
OTU_4878,Myxococcota
OTU_488,Firmicutes
OTU_4880,Proteobacteria
OTU_4882,Bacteroidota
OTU_489,Firmicutes
OTU_4894,Myxococcota
OTU_49,Unclassified
OTU_490,Firmicutes
OTU_4900,Planctomycetota
OTU_4906,Proteobacteria
OTU_491,Planctomycetota
OTU_492,Firmicutes
OTU_4927,Verrucomicrobiota
OTU_493,Firmicutes
OTU_4933,Actinobacteriota
OTU_4946,Planctomycetota
OTU_4949,Proteobacteria
OTU_4952,Proteobacteria
OTU_4955,Firmicutes
OTU_496,Proteobacteria
OTU_4965,Firmicutes
OTU_4966,Myxococcota
OTU_497,Actinobacteriota
OTU_4978,Bdellovibrionota
OTU_4979,Unclassified
OTU_498,Armatimonadota
OTU_4980,Acidobacteriota
OTU_4984,Proteobacteria
OTU_499,Proteobacteria
OTU_4990,Planctomycetota
OTU_5,Unclassified
OTU_50,Firmicutes
OTU_500,Armatimonadota
OTU_5004,Acidobacteriota
OTU_5006,Chloroflexi
OTU_501,Bacteroidota
OTU_5013,Planctomycetota
OTU_5025,Acidobacteriota
OTU_5026,SAR324_clade(Marine_group_B)
OTU_5030,Bacteroidota
OTU_5031,Acidobacteriota
OTU_5032,Proteobacteria
OTU_5033,Proteobacteria
OTU_5040,RCP2-54
OTU_5042,Proteobacteria
OTU_5046,Acidobacteriota
OTU_5051,Firmicutes
OTU_5056,Proteobacteria
OTU_5065,Proteobacteria
OTU_5066,Proteobacteria
OTU_5070,Planctomycetota
OTU_5072,Planctomycetota
OTU_5078,Acidobacteriota
OTU_508,Actinobacteriota
OTU_5086,Proteobacteria
OTU_509,Chloroflexi
OTU_5095,Proteobacteria
OTU_5096,Proteobacteria
OTU_5098,Unclassified
OTU_5099,Proteobacteria
OTU_51,Proteobacteria
OTU_5100,Firmicutes
OTU_5102,Acidobacteriota
OTU_5103,Verrucomicrobiota
OTU_5106,Planctomycetota
OTU_511,Firmicutes
OTU_5115,Planctomycetota
OTU_512,Firmicutes
OTU_5125,Dependentiae
OTU_5131,Desulfobacterota
OTU_5133,Unclassified
OTU_5136,Proteobacteria
OTU_515,Chloroflexi
OTU_5151,Proteobacteria
OTU_516,Armatimonadota
OTU_5160,Proteobacteria
OTU_5164,Planctomycetota
OTU_5166,Unclassified
OTU_517,Dependentiae
OTU_5172,Unclassified
OTU_5175,Actinobacteriota
OTU_5178,Unclassified
OTU_518,Actinobacteriota
OTU_5181,Planctomycetota
OTU_5188,Verrucomicrobiota
OTU_52,Acidobacteriota
OTU_520,Proteobacteria
OTU_521,Firmicutes
OTU_5222,Unclassified
OTU_5224,Verrucomicrobiota
OTU_5229,Unclassified
OTU_5230,Proteobacteria
OTU_5237,Myxococcota
OTU_524,Proteobacteria
OTU_5240,Planctomycetota
OTU_5241,Bacteroidota
OTU_5244,Nitrospirota
OTU_5245,Unclassified
OTU_5246,Unclassified
OTU_525,Nitrospirota
OTU_5252,Verrucomicrobiota
OTU_5253,Unclassified
OTU_5258,Verrucomicrobiota
OTU_5259,Verrucomicrobiota
OTU_526,Acidobacteriota
OTU_5261,Myxococcota
OTU_5262,Proteobacteria
OTU_5269,Bacteroidota
OTU_527,Firmicutes
OTU_5277,Dependentiae
OTU_5278,Acidobacteriota
OTU_5281,Firmicutes
OTU_5289,Gemmatimonadota
OTU_5292,Acidobacteriota
OTU_5296,Proteobacteria
OTU_53,Planctomycetota
OTU_530,Proteobacteria
OTU_5300,Dependentiae
OTU_5305,Methylomirabilota
OTU_5309,Proteobacteria
OTU_531,Firmicutes
OTU_5313,Actinobacteriota
OTU_532,Proteobacteria
OTU_533,Proteobacteria
OTU_5336,Chloroflexi
OTU_534,Firmicutes
OTU_5349,Gemmatimonadota
OTU_535,Actinobacteriota
OTU_5354,Unclassified
OTU_536,Bacteroidota
OTU_5366,NB1-j
OTU_537,Firmicutes
OTU_5370,Proteobacteria
OTU_5374,Acidobacteriota
OTU_5376,Planctomycetota
OTU_5377,Acidobacteriota
OTU_538,WS2
OTU_5381,Planctomycetota
OTU_539,Firmicutes
OTU_5390,Unclassified
OTU_54,Proteobacteria
OTU_540,Firmicutes
OTU_5402,Acidobacteriota
OTU_5408,Myxococcota
OTU_5410,Acidobacteriota
OTU_5412,Planctomycetota
OTU_5425,Unclassified
OTU_543,Proteobacteria
OTU_544,Planctomycetota
OTU_5444,Entotheonellaeota
OTU_5446,Acidobacteriota
OTU_545,Firmicutes
OTU_547,Firmicutes
OTU_5471,Planctomycetota
OTU_5472,Verrucomicrobiota
OTU_548,Firmicutes
OTU_5481,Unclassified
OTU_5489,Actinobacteriota
OTU_549,Firmicutes
OTU_55,Acidobacteriota
OTU_550,Proteobacteria
OTU_5503,Acidobacteriota
OTU_5504,Planctomycetota
OTU_5506,Firmicutes
OTU_5508,Planctomycetota
OTU_551,Bacteroidota
OTU_5512,Proteobacteria
OTU_5513,Acidobacteriota
OTU_552,Proteobacteria
OTU_5524,Bacteroidota
OTU_5530,Proteobacteria
OTU_5535,Campilobacterota
OTU_554,Fibrobacterota
OTU_5541,Planctomycetota
OTU_5547,Proteobacteria
OTU_555,Patescibacteria
OTU_5553,SAR324_clade(Marine_group_B)
OTU_5557,Proteobacteria
OTU_5558,Gemmatimonadota
OTU_5562,Actinobacteriota
OTU_5563,Gemmatimonadota
OTU_5575,Proteobacteria
OTU_558,Bacteroidota
OTU_559,Unclassified
OTU_5594,Verrucomicrobiota
OTU_56,Unclassified
OTU_5602,Unclassified
OTU_5603,Proteobacteria
OTU_5606,Unclassified
OTU_5608,Verrucomicrobiota
OTU_5609,Planctomycetota
OTU_561,Planctomycetota
OTU_5610,Acidobacteriota
OTU_5612,Planctomycetota
OTU_5617,Planctomycetota
OTU_562,Proteobacteria
OTU_5622,Acidobacteriota
OTU_5623,RCP2-54
OTU_5624,Unclassified
OTU_5628,Bacteroidota
OTU_563,Firmicutes
OTU_5637,Planctomycetota
OTU_564,Bacteroidota
OTU_5644,Chloroflexi
OTU_565,Planctomycetota
OTU_566,Proteobacteria
OTU_5665,Firmicutes
OTU_5666,Proteobacteria
OTU_5668,Actinobacteriota
OTU_567,Firmicutes
OTU_5676,Planctomycetota
OTU_5678,Verrucomicrobiota
OTU_5682,Bacteroidota
OTU_5694,Acidobacteriota
OTU_5696,Planctomycetota
OTU_57,Actinobacteriota
OTU_570,Acidobacteriota
OTU_571,Firmicutes
OTU_5712,Proteobacteria
OTU_5716,Unclassified
OTU_5718,Planctomycetota
OTU_5721,Planctomycetota
OTU_5722,Proteobacteria
OTU_5726,Proteobacteria
OTU_5727,Planctomycetota
OTU_5729,RCP2-54
OTU_573,Firmicutes
OTU_5731,Bacteroidota
OTU_5732,Proteobacteria
OTU_5733,Planctomycetota
OTU_5734,Actinobacteriota
OTU_5738,Verrucomicrobiota
OTU_5739,Firmicutes
OTU_574,Firmicutes
OTU_5741,Unclassified
OTU_5744,Planctomycetota
OTU_575,Bacteroidota
OTU_5753,Planctomycetota
OTU_576,Proteobacteria
OTU_5760,Proteobacteria
OTU_577,Methylomirabilota
OTU_5770,Unclassified
OTU_5773,Dependentiae
OTU_5775,Chloroflexi
OTU_578,Bdellovibrionota
OTU_5796,Firmicutes
OTU_58,Proteobacteria
OTU_580,Firmicutes
OTU_5805,Verrucomicrobiota
OTU_581,Proteobacteria
OTU_5819,Proteobacteria
OTU_582,Firmicutes
OTU_5820,Firmicutes
OTU_5821,Bacteroidota
OTU_5823,Unclassified
OTU_5828,Planctomycetota
OTU_583,Bacteroidota
OTU_5831,Actinobacteriota
OTU_5838,Bacteroidota
OTU_5849,Planctomycetota
OTU_585,Planctomycetota
OTU_5852,Planctomycetota
OTU_5854,Proteobacteria
OTU_5855,Bacteroidota
OTU_5858,Firmicutes
OTU_5859,Acidobacteriota
OTU_586,Verrucomicrobiota
OTU_587,Firmicutes
OTU_5870,Planctomycetota
OTU_5878,Proteobacteria
OTU_5883,Proteobacteria
OTU_5885,Acidobacteriota
OTU_5890,Acidobacteriota
OTU_59,Acidobacteriota
OTU_590,Myxococcota
OTU_5900,Bacteroidota
OTU_5903,Chloroflexi
OTU_5904,Acidobacteriota
OTU_5907,Acidobacteriota
OTU_5910,Unclassified
OTU_5912,Planctomycetota
OTU_5913,Firmicutes
OTU_594,Bacteroidota
OTU_5946,Acidobacteriota
OTU_5952,Acidobacteriota
OTU_5958,Methylomirabilota
OTU_596,Acidobacteriota
OTU_5966,Proteobacteria
OTU_5975,Acidobacteriota
OTU_5976,Acidobacteriota
OTU_598,Firmicutes
OTU_5980,Unclassified
OTU_599,Acidobacteriota
OTU_5992,Unclassified
OTU_5994,Acidobacteriota
OTU_5997,Actinobacteriota
OTU_6,Actinobacteriota
OTU_60,Planctomycetota
OTU_600,Desulfobacterota
OTU_6009,Proteobacteria
OTU_6018,Acidobacteriota
OTU_602,Cyanobacteria
OTU_603,Chloroflexi
OTU_6037,Nitrospirota
OTU_604,Bacteroidota
OTU_6045,Gemmatimonadota
OTU_6046,Proteobacteria
OTU_6047,Proteobacteria
OTU_6050,Desulfobacterota
OTU_6054,Actinobacteriota
OTU_6080,Unclassified
OTU_609,Armatimonadota
OTU_6092,Proteobacteria
OTU_61,Actinobacteriota
OTU_6101,Methylomirabilota
OTU_6102,Proteobacteria
OTU_6105,Proteobacteria
OTU_611,Chloroflexi
OTU_6117,Verrucomicrobiota
OTU_6123,Gemmatimonadota
OTU_6142,Unclassified
OTU_6148,Planctomycetota
OTU_615,Proteobacteria
OTU_6156,Proteobacteria
OTU_6162,Proteobacteria
OTU_6164,Proteobacteria
OTU_6169,Proteobacteria
OTU_617,Firmicutes
OTU_6178,Verrucomicrobiota
OTU_618,Firmicutes
OTU_6182,Unclassified
OTU_6184,Firmicutes
OTU_619,Firmicutes
OTU_6190,Unclassified
OTU_6192,Unclassified
OTU_62,Actinobacteriota
OTU_620,Chloroflexi
OTU_6203,Unclassified
OTU_621,Proteobacteria
OTU_622,Chloroflexi
OTU_623,Unclassified
OTU_6233,Firmicutes
OTU_6239,Gemmatimonadota
OTU_6240,Firmicutes
OTU_6242,Acidobacteriota
OTU_6243,Planctomycetota
OTU_6247,Planctomycetota
OTU_625,Actinobacteriota
OTU_626,Firmicutes
OTU_627,Firmicutes
OTU_6277,Dependentiae
OTU_6286,Gemmatimonadota
OTU_629,Proteobacteria
OTU_6291,Planctomycetota
OTU_63,Acidobacteriota
OTU_630,Bdellovibrionota
OTU_631,Chloroflexi
OTU_6318,Firmicutes
OTU_6319,Actinobacteriota
OTU_6321,Unclassified
OTU_633,Firmicutes
OTU_6334,Actinobacteriota
OTU_6337,Planctomycetota
OTU_6342,Planctomycetota
OTU_6349,Myxococcota
OTU_635,Chloroflexi
OTU_6359,SAR324_clade(Marine_group_B)
OTU_6364,Acidobacteriota
OTU_6365,Planctomycetota
OTU_6366,Firmicutes
OTU_637,Bacteroidota
OTU_6372,Chloroflexi
OTU_6378,Planctomycetota
OTU_639,Actinobacteriota
OTU_6392,Planctomycetota
OTU_6398,Firmicutes
OTU_64,Proteobacteria
OTU_640,Planctomycetota
OTU_6404,Bacteroidota
OTU_6406,Planctomycetota
OTU_6411,Planctomycetota
OTU_6416,Acidobacteriota
OTU_6420,Planctomycetota
OTU_6422,Proteobacteria
OTU_6424,Planctomycetota
OTU_6427,Proteobacteria
OTU_6446,Planctomycetota
OTU_6447,Verrucomicrobiota
OTU_645,Unclassified
OTU_6451,Planctomycetota
OTU_6453,Firmicutes
OTU_646,Proteobacteria
OTU_6460,Bacteroidota
OTU_6461,Acidobacteriota
OTU_6468,Unclassified
OTU_647,Firmicutes
OTU_6477,Unclassified
OTU_6494,Bacteroidota
OTU_650,Firmicutes
OTU_6503,Proteobacteria
OTU_6505,Proteobacteria
OTU_6508,Firmicutes
OTU_651,Firmicutes
OTU_6515,Actinobacteriota
OTU_652,Myxococcota
OTU_6521,Unclassified
OTU_6522,Unclassified
OTU_653,Acidobacteriota
OTU_6537,Actinobacteriota
OTU_6539,Planctomycetota
OTU_654,Proteobacteria
OTU_6545,Planctomycetota
OTU_655,Chloroflexi
OTU_6557,RCP2-54
OTU_6558,Acidobacteriota
OTU_656,Proteobacteria
OTU_6562,Proteobacteria
OTU_6565,Acidobacteriota
OTU_6566,Unclassified
OTU_6567,Planctomycetota
OTU_6571,Proteobacteria
OTU_6573,Proteobacteria
OTU_6578,Proteobacteria
OTU_658,Acidobacteriota
OTU_659,Proteobacteria
OTU_6592,Proteobacteria
OTU_6593,Proteobacteria
OTU_66,Unclassified
OTU_660,Firmicutes
OTU_6603,Actinobacteriota
OTU_6611,Myxococcota
OTU_6617,Planctomycetota
OTU_663,Proteobacteria
OTU_6644,Gemmatimonadota
OTU_6659,Verrucomicrobiota
OTU_6669,Firmicutes
OTU_667,Actinobacteriota
OTU_668,Bacteroidota
OTU_6689,Acidobacteriota
OTU_669,Bacteroidota
OTU_67,Acidobacteriota
OTU_6715,Proteobacteria
OTU_6718,Myxococcota
OTU_672,Proteobacteria
OTU_6729,Planctomycetota
OTU_6735,Bdellovibrionota
OTU_675,Verrucomicrobiota
OTU_676,Proteobacteria
OTU_6762,Chloroflexi
OTU_6763,Acidobacteriota
OTU_677,MBNT15
OTU_6771,Acidobacteriota
OTU_678,Proteobacteria
OTU_6784,Actinobacteriota
OTU_6785,Unclassified
OTU_6798,Gemmatimonadota
OTU_68,Acidobacteriota
OTU_680,Acidobacteriota
OTU_6800,Myxococcota
OTU_6801,Planctomycetota
OTU_6805,Proteobacteria
OTU_6813,Planctomycetota
OTU_682,Proteobacteria
OTU_6824,MBNT15
OTU_6826,Actinobacteriota
OTU_6828,Bdellovibrionota
OTU_683,Proteobacteria
OTU_6830,Proteobacteria
OTU_6831,Firmicutes
OTU_6840,Myxococcota
OTU_6847,Acidobacteriota
OTU_6856,Proteobacteria
OTU_6857,Dependentiae
OTU_6862,Acidobacteriota
OTU_6865,Bacteroidota
OTU_6868,Acidobacteriota
OTU_6869,Proteobacteria
OTU_687,Proteobacteria
OTU_6872,Chloroflexi
OTU_688,Proteobacteria
OTU_6881,Unclassified
OTU_6888,Proteobacteria
OTU_6893,Planctomycetota
OTU_6894,Proteobacteria
OTU_6896,Actinobacteriota
OTU_6898,Chloroflexi
OTU_69,Firmicutes
OTU_690,Chloroflexi
OTU_6908,Verrucomicrobiota
OTU_6928,Firmicutes
OTU_6929,Bacteroidota
OTU_693,Bacteroidota
OTU_6937,Planctomycetota
OTU_6943,Proteobacteria
OTU_6945,Latescibacterota
OTU_6946,Acidobacteriota
OTU_695,Methylomirabilota
OTU_6954,Proteobacteria
OTU_6959,Proteobacteria
OTU_696,Planctomycetota
OTU_6960,Planctomycetota
OTU_6977,Actinobacteriota
OTU_698,Chloroflexi
OTU_6989,Proteobacteria
OTU_699,Bacteroidota
OTU_6992,Acidobacteriota
OTU_6997,Proteobacteria
OTU_6998,Verrucomicrobiota
OTU_7,Proteobacteria
OTU_70,Actinobacteriota
OTU_7016,Actinobacteriota
OTU_7017,Verrucomicrobiota
OTU_7019,Proteobacteria
OTU_702,Bacteroidota
OTU_7025,Firmicutes
OTU_7033,Acidobacteriota
OTU_7043,Acidobacteriota
OTU_7044,Bdellovibrionota
OTU_7048,Unclassified
OTU_705,Proteobacteria
OTU_706,Gemmatimonadota
OTU_7066,Planctomycetota
OTU_707,Proteobacteria
OTU_7080,Unclassified
OTU_7081,Proteobacteria
OTU_7084,Gemmatimonadota
OTU_7086,Bdellovibrionota
OTU_7091,Proteobacteria
OTU_7092,Planctomycetota
OTU_7129,Proteobacteria
OTU_713,Proteobacteria
OTU_7133,Unclassified
OTU_7144,Proteobacteria
OTU_7160,Acidobacteriota
OTU_7169,Planctomycetota
OTU_7172,Acidobacteriota
OTU_7184,Firmicutes
OTU_72,Proteobacteria
OTU_720,Firmicutes
OTU_721,Proteobacteria
OTU_7213,Planctomycetota
OTU_7220,Proteobacteria
OTU_7228,Unclassified
OTU_7230,Verrucomicrobiota
OTU_7231,Actinobacteriota
OTU_7235,Planctomycetota
OTU_724,Gemmatimonadota
OTU_7260,Planctomycetota
OTU_7268,Planctomycetota
OTU_728,Bacteroidota
OTU_7287,Acidobacteriota
OTU_729,Firmicutes
OTU_73,Planctomycetota
OTU_731,Proteobacteria
OTU_7314,Unclassified
OTU_7324,Proteobacteria
OTU_7325,Planctomycetota
OTU_7330,Planctomycetota
OTU_7334,Chloroflexi
OTU_734,WPS-2
OTU_7351,Myxococcota
OTU_7360,Planctomycetota
OTU_737,Chloroflexi
OTU_738,Firmicutes
OTU_7404,Acidobacteriota
OTU_7406,Acidobacteriota
OTU_7408,Unclassified
OTU_741,Proteobacteria
OTU_7419,MBNT15
OTU_742,Bacteroidota
OTU_7425,Proteobacteria
OTU_7437,Unclassified
OTU_745,Myxococcota
OTU_747,Firmicutes
OTU_7472,Planctomycetota
OTU_7484,Proteobacteria
OTU_7490,Firmicutes
OTU_751,Chloroflexi
OTU_7534,Actinobacteriota
OTU_7535,Proteobacteria
OTU_7539,Planctomycetota
OTU_754,Bacteroidota
OTU_7548,Planctomycetota
OTU_755,Bacteroidota
OTU_7560,Firmicutes
OTU_7565,Acidobacteriota
OTU_7567,Actinobacteriota
OTU_7574,Acidobacteriota
OTU_7586,Proteobacteria
OTU_759,Chloroflexi
OTU_7591,Bacteroidota
OTU_7594,Planctomycetota
OTU_7596,Planctomycetota
OTU_76,RCP2-54
OTU_7603,Bdellovibrionota
OTU_7605,Proteobacteria
OTU_7616,Planctomycetota
OTU_762,Firmicutes
OTU_763,Proteobacteria
OTU_7639,Gemmatimonadota
OTU_7643,Dependentiae
OTU_765,Planctomycetota
OTU_7655,Acidobacteriota
OTU_7657,Unclassified
OTU_7658,Acidobacteriota
OTU_766,Acidobacteriota
OTU_7663,Entotheonellaeota
OTU_7665,Acidobacteriota
OTU_7666,Planctomycetota
OTU_7669,Unclassified
OTU_7672,Proteobacteria
OTU_768,Patescibacteria
OTU_7683,Planctomycetota
OTU_7690,Unclassified
OTU_77,Planctomycetota
OTU_770,Planctomycetota
OTU_7701,Proteobacteria
OTU_7710,Armatimonadota
OTU_7736,Verrucomicrobiota
OTU_7738,Firmicutes
OTU_7743,Acidobacteriota
OTU_7744,Verrucomicrobiota
OTU_7749,Planctomycetota
OTU_7754,Proteobacteria
OTU_7759,Verrucomicrobiota
OTU_7762,Planctomycetota
OTU_777,Firmicutes
OTU_7785,Proteobacteria
OTU_7796,Planctomycetota
OTU_7798,Actinobacteriota
OTU_78,Acidobacteriota
OTU_780,Unclassified
OTU_7805,Unclassified
OTU_7815,Proteobacteria
OTU_7819,Planctomycetota
OTU_7826,Planctomycetota
OTU_7841,Planctomycetota
OTU_785,Elusimicrobiota
OTU_7865,RCP2-54
OTU_7871,Verrucomicrobiota
OTU_7873,Proteobacteria
OTU_788,Firmicutes
OTU_7885,Firmicutes
OTU_7888,Gemmatimonadota
OTU_7898,Acidobacteriota
OTU_79,Actinobacteriota
OTU_7902,Actinobacteriota
OTU_7903,Acidobacteriota
OTU_7918,Planctomycetota
OTU_7921,Bdellovibrionota
OTU_7923,Proteobacteria
OTU_7932,Planctomycetota
OTU_794,Firmicutes
OTU_7942,Planctomycetota
OTU_7943,Acidobacteriota
OTU_795,Firmicutes
OTU_7950,Proteobacteria
OTU_7957,Proteobacteria
OTU_796,Sumerlaeota
OTU_7976,Planctomycetota
OTU_7978,Nitrospirota
OTU_798,Firmicutes
OTU_7985,Firmicutes
OTU_799,Actinobacteriota
OTU_7992,Acidobacteriota
OTU_7996,Firmicutes
OTU_8,Actinobacteriota
OTU_80,Firmicutes
OTU_800,Firmicutes
OTU_8002,Gemmatimonadota
OTU_8009,Verrucomicrobiota
OTU_8019,Bacteroidota
OTU_8029,Verrucomicrobiota
OTU_8030,Proteobacteria
OTU_8035,Proteobacteria
OTU_8042,Actinobacteriota
OTU_805,Firmicutes
OTU_8059,Actinobacteriota
OTU_8064,Proteobacteria
OTU_8065,Verrucomicrobiota
OTU_8080,Acidobacteriota
OTU_8099,Bacteroidota
OTU_81,Acidobacteriota
OTU_8104,Firmicutes
OTU_8109,Acidobacteriota
OTU_815,Actinobacteriota
OTU_8155,Unclassified
OTU_8169,Proteobacteria
OTU_82,Chloroflexi
OTU_8203,Planctomycetota
OTU_8204,Acidobacteriota
OTU_821,Dependentiae
OTU_8213,Unclassified
OTU_8222,Proteobacteria
OTU_8226,Proteobacteria
OTU_823,Acidobacteriota
OTU_8232,Proteobacteria
OTU_824,Proteobacteria
OTU_825,Acidobacteriota
OTU_8261,Acidobacteriota
OTU_827,Planctomycetota
OTU_8272,Firmicutes
OTU_8288,Actinobacteriota
OTU_8293,Planctomycetota
OTU_83,Proteobacteria
OTU_8306,Unclassified
OTU_8307,Proteobacteria
OTU_831,Actinobacteriota
OTU_8313,Proteobacteria
OTU_8329,Unclassified
OTU_833,Acidobacteriota
OTU_835,Patescibacteria
OTU_8355,Unclassified
OTU_8358,Proteobacteria
OTU_838,Bacteroidota
OTU_84,Acidobacteriota
OTU_8406,Planctomycetota
OTU_8410,Unclassified
OTU_8415,Actinobacteriota
OTU_8418,Acidobacteriota
OTU_842,Acidobacteriota
OTU_843,Planctomycetota
OTU_8431,Verrucomicrobiota
OTU_844,Verrucomicrobiota
OTU_845,Acidobacteriota
OTU_8457,Acidobacteriota
OTU_8462,Acidobacteriota
OTU_8466,Verrucomicrobiota
OTU_847,Firmicutes
OTU_8473,Proteobacteria
OTU_8481,Planctomycetota
OTU_8499,Actinobacteriota
OTU_85,Firmicutes
OTU_8513,Acidobacteriota
OTU_8515,Proteobacteria
OTU_8517,SAR324_clade(Marine_group_B)
OTU_8527,Proteobacteria
OTU_8564,Verrucomicrobiota
OTU_8572,Bacteroidota
OTU_8581,Unclassified
OTU_8584,Proteobacteria
OTU_8586,Unclassified
OTU_86,Planctomycetota
OTU_8609,Unclassified
OTU_8626,Proteobacteria
OTU_8630,Verrucomicrobiota
OTU_8638,Proteobacteria
OTU_8648,Unclassified
OTU_865,Firmicutes
OTU_8652,Unclassified
OTU_8663,Planctomycetota
OTU_8694,Proteobacteria
OTU_8702,Firmicutes
OTU_8705,Bdellovibrionota
OTU_8709,Verrucomicrobiota
OTU_8711,Unclassified
OTU_8715,Planctomycetota
OTU_8718,Proteobacteria
OTU_8743,Planctomycetota
OTU_8747,Myxococcota
OTU_8751,Acidobacteriota
OTU_8758,Proteobacteria
OTU_877,Armatimonadota
OTU_8773,Actinobacteriota
OTU_8781,Acidobacteriota
OTU_8792,Unclassified
OTU_8793,Nitrospirota
OTU_88,Firmicutes
OTU_8800,Proteobacteria
OTU_8803,Unclassified
OTU_8813,Proteobacteria
OTU_8826,Unclassified
OTU_8828,Proteobacteria
OTU_883,Actinobacteriota
OTU_8864,Verrucomicrobiota
OTU_8887,Acidobacteriota
OTU_89,Chloroflexi
OTU_8901,Bacteroidota
OTU_8917,Firmicutes
OTU_8918,Planctomycetota
OTU_8920,Planctomycetota
OTU_893,Planctomycetota
OTU_8963,Planctomycetota
OTU_8977,Proteobacteria
OTU_898,Firmicutes
OTU_8987,Planctomycetota
OTU_8992,Planctomycetota
OTU_8993,Firmicutes
OTU_8997,Proteobacteria
OTU_9,Proteobacteria
OTU_90,Bacteroidota
OTU_9009,Bdellovibrionota
OTU_9028,Unclassified
OTU_903,Firmicutes
OTU_9031,Planctomycetota
OTU_9038,Actinobacteriota
OTU_9040,Methylomirabilota
OTU_907,Planctomycetota
OTU_9076,Desulfobacterota
OTU_9085,Firmicutes
OTU_909,Bacteroidota
OTU_91,Acidobacteriota
OTU_910,Firmicutes
OTU_9106,Firmicutes
OTU_9108,Firmicutes
OTU_913,Firmicutes
OTU_9138,Planctomycetota
OTU_9162,Proteobacteria
OTU_9176,Verrucomicrobiota
OTU_9189,Chloroflexi
OTU_92,Verrucomicrobiota
OTU_9201,Proteobacteria
OTU_9212,Planctomycetota
OTU_924,Myxococcota
OTU_926,Bacteroidota
OTU_9274,Firmicutes
OTU_9275,Verrucomicrobiota
OTU_9277,Proteobacteria
OTU_928,Bacteroidota
OTU_9297,Planctomycetota
OTU_93,Planctomycetota
OTU_9311,Firmicutes
OTU_9318,Planctomycetota
OTU_9359,Proteobacteria
OTU_9374,Proteobacteria
OTU_9376,Bdellovibrionota
OTU_94,Proteobacteria
OTU_9420,Actinobacteriota
OTU_9428,Planctomycetota
OTU_9436,Chloroflexi
OTU_9455,Armatimonadota
OTU_9487,Firmicutes
OTU_9497,Bacteroidota
OTU_9499,Unclassified
OTU_950,Gemmatimonadota
OTU_9502,Acidobacteriota
OTU_9504,Firmicutes
OTU_9513,Entotheonellaeota
OTU_9521,Bacteroidota
OTU_9524,Sumerlaeota
OTU_9525,Unclassified
OTU_9535,Proteobacteria
OTU_954,Firmicutes
OTU_9557,Planctomycetota
OTU_9558,Planctomycetota
OTU_9560,Acidobacteriota
OTU_9570,Unclassified
OTU_96,Acidobacteriota
OTU_9601,Acidobacteriota
OTU_9608,Gemmatimonadota
OTU_961,Campilobacterota
OTU_9615,Bacteroidota
OTU_9622,Verrucomicrobiota
OTU_9626,Bacteroidota
OTU_964,Planctomycetota
OTU_9642,Planctomycetota
OTU_9649,Myxococcota
OTU_9662,Acidobacteriota
OTU_9671,Gemmatimonadota
OTU_9675,Actinobacteriota
OTU_9677,Proteobacteria
OTU_97,Proteobacteria
OTU_9704,Proteobacteria
OTU_9707,Myxococcota
OTU_9713,Verrucomicrobiota
OTU_9750,Proteobacteria
OTU_9755,Proteobacteria
OTU_98,Planctomycetota
OTU_9818,Chloroflexi
OTU_9849,Chloroflexi
OTU_9850,Bdellovibrionota
OTU_99,Actinobacteriota
OTU_9908,Verrucomicrobiota
OTU_9909,Planctomycetota
OTU_9916,Proteobacteria
OTU_9924,Planctomycetota
OTU_9925,Unclassified
OTU_9939,Acidobacteriota
OTU_9958,Cyanobacteria
OTU_9960,Planctomycetota
